Id,SalePrice
1461,125543.53670367342
1462,159697.81388902286
1463,185433.61741174574
1464,206407.17552373846
1465,195747.03772853446
1466,168427.50974637744
1467,181576.49621539417
1468,165808.16100721798
1469,187718.18451394563
1470,115926.9738274472
1471,166911.49881169427
1472,101105.75385997127
1473,95926.97713099321
1474,144393.77400175732
1475,108263.47740792677
1476,364487.7569379321
1477,251078.738462065
1478,304734.2115164859
1479,295044.5214863494
1480,570315.3559357023
1481,341553.10876775027
1482,205256.3658721004
1483,173135.11805796516
1484,164886.16603635828
1485,177955.6323593905
1486,192794.2895095321
1487,356351.56541607995
1488,223232.0974569931
1489,189200.56303159756
1490,240969.43283305728
1491,191770.4217872948
1492,95319.76392379843
1493,172747.25391956008
1494,295830.4571376047
1495,292519.17981730995
1496,231742.7446589048
1497,172778.9800189366
1498,198309.5119342081
1499,167063.23833729106
1500,159394.73302597654
1501,184684.58497885423
1502,159908.5981457849
1503,374893.7575332689
1504,240577.53746971983
1505,228606.59675230266
1506,188791.13349031663
1507,240735.71675194943
1508,195985.80345290303
1509,161255.51604311063
1510,145374.73595083386
1511,168409.1702650092
1512,176686.96279260865
1513,126578.4620560414
1514,168604.55134295806
1515,187044.45031789414
1516,147069.66893956088
1517,173212.6940060336
1518,133964.55064168174
1519,217543.54662244485
1520,125420.81735207046
1521,129525.16803348371
1522,176852.53993673503
1523,113672.42723366723
1524,114736.22474383423
1525,123495.71178972058
1526,108624.40617889445
1527,108226.54637167166
1528,132345.1000122242
1529,159935.35502684506
1530,198388.9164686242
1531,114200.04264446716
1532,91242.9445675364
1533,148419.8802833234
1534,126915.3193626584
1535,134923.32424898507
1536,110890.57906308692
1537,59056.46424155244
1538,154137.1520175654
1539,177957.1477584837
1540,72794.27959728285
1541,139184.10478372333
1542,161353.4672576116
1543,174928.2268065705
1544,84788.2537094203
1545,112823.02261655066
1546,146863.71985591153
1547,135904.44957279094
1548,135769.67270782168
1549,122806.40672505906
1550,134920.38167525627
1551,102366.89351596714
1552,130333.69054782232
1553,134478.40314352492
1554,121735.28919456483
1555,167511.32766450866
1556,86424.25908296538
1557,120801.78771825905
1558,112944.41302252663
1559,59601.794310359925
1560,125078.69280903936
1561,119521.75043878892
1562,133584.65076162884
1563,119602.00742896905
1564,157462.43516146936
1565,153680.52180865823
1566,229913.75782075783
1567,79115.41391109204
1568,247411.30562592112
1569,142035.1902843508
1570,137014.54666769083
1571,114096.72248736283
1572,135358.31849598794
1573,217375.08613705015
1574,116425.36409416822
1575,228155.8228696047
1576,231425.71705306755
1577,177790.33124030186
1578,141271.3627891227
1579,146969.38075367766
1580,195253.32120930252
1581,158670.16102410428
1582,125044.56976842375
1583,312315.2800470623
1584,216128.76545404622
1585,134922.64153154177
1586,88757.16289547166
1587,112013.48207605348
1588,145571.4664527073
1589,98723.91352760897
1590,128942.32782374983
1591,90323.90333985035
1592,113317.06161427095
1593,129057.48195922337
1594,113719.59584152889
1595,101862.58871125472
1596,211767.87286556128
1597,201358.96976967284
1598,206794.19374970355
1599,155661.08520223125
1600,151398.66064962783
1601,70610.55918451358
1602,122958.44809404746
1603,60958.862362622414
1604,267289.0785640691
1605,229695.29414571953
1606,165919.09704031618
1607,190693.41487950296
1608,211774.6751883192
1609,180751.47436049834
1610,161393.3074991657
1611,130373.18201272805
1612,172789.95127114703
1613,170067.5450776784
1614,112312.25651234316
1615,91145.24435213787
1616,80224.07317586562
1617,94080.15991369175
1618,145288.1711880243
1619,144666.0542042314
1620,154810.26407583174
1621,137327.72193568616
1622,149654.74027714497
1623,265138.57294524316
1624,209075.17658160516
1625,117342.02591669765
1626,170380.98315233277
1627,202238.88628568634
1628,260467.8456192269
1629,168720.71947691083
1630,371986.9199930478
1631,233975.238717497
1632,246827.46712816265
1633,167451.02455765946
1634,189560.32024269318
1635,173068.32005946292
1636,154455.11977194666
1637,193784.20393721774
1638,174881.07423633483
1639,180295.1681242732
1640,234151.68096974154
1641,174442.10578899278
1642,246264.85572469683
1643,216811.14184972766
1644,239259.8086360181
1645,212578.53762748727
1646,163218.6462657272
1647,154736.25419305757
1648,127929.24035808715
1649,142918.7671518046
1650,114472.10823031436
1651,121781.4781559409
1652,98826.21684507464
1653,100849.04204710985
1654,143542.29378236583
1655,121467.62258688395
1656,141021.25404868534
1657,148216.91879855568
1658,148853.14465830044
1659,120711.6403728644
1660,154235.61114627513
1661,485808.86310450314
1662,371775.0155126749
1663,374638.5563785547
1664,669315.7466859198
1665,302973.59622783394
1666,311277.4762264337
1667,394619.8822118586
1668,329447.7290678718
1669,297973.67557180196
1670,346789.39000143745
1671,273092.6293241877
1672,470546.52248346555
1673,282634.61222180515
1674,239541.4780586773
1675,194311.06106140005
1676,189195.02643990348
1677,214840.1547979921
1678,516963.18100991385
1679,413105.41272870183
1680,317495.58325146826
1681,240963.7085405382
1682,323832.08463852573
1683,189634.20968883464
1684,175092.0855134295
1685,171466.18568299265
1686,167995.29040847142
1687,157190.4579611525
1688,195128.1942949393
1689,191930.67633386434
1690,200328.40815022745
1691,192302.39174642906
1692,241888.93966466386
1693,155224.73405536325
1694,186889.86786936803
1695,162696.4386533578
1696,269534.40791445645
1697,166459.43275740126
1698,356151.5998824544
1699,339617.84126322466
1700,263441.6010467399
1701,266187.98168341187
1702,247211.79048517975
1703,248650.69252372824
1704,278633.1925599574
1705,236237.76675278516
1706,198625.0132424862
1707,201100.97911508722
1708,200938.3639061923
1709,259905.7392994426
1710,218765.1186333934
1711,268850.62448792637
1712,254910.00929128766
1713,279640.6157172339
1714,216893.4322312483
1715,204484.89428106238
1716,184620.64623753564
1717,177356.87888796296
1718,139062.31744143175
1719,209112.9760269876
1720,237149.11992163333
1721,151916.80081125684
1722,119275.24298680603
1723,149009.0450535294
1724,200179.76195249433
1725,225900.8108399533
1726,180229.64136676252
1727,149927.79399368388
1728,166731.3188624005
1729,171683.94614515448
1730,148832.75912621562
1731,111342.9273710457
1732,134448.8480550654
1733,113594.57695655688
1734,126312.03956039503
1735,118720.63960570998
1736,108032.38304782302
1737,310755.5696584089
1738,269057.9658765266
1739,205842.4271910685
1740,217528.32035299062
1741,189414.58020946966
1742,172399.96717021847
1743,181362.22805562665
1744,368069.1257015135
1745,211875.7621731443
1746,160338.95405206506
1747,222660.20083404236
1748,200374.15325686868
1749,138268.6850188801
1750,120302.95860857642
1751,239469.23638329035
1752,114704.58468564271
1753,147845.99512648475
1754,195731.14847285827
1755,165595.43277381017
1756,129526.17430848969
1757,121943.70680297136
1758,140770.36136165482
1759,157499.31919202924
1760,163778.2793664017
1761,144414.31153181192
1762,163574.33957552607
1763,186247.48020447203
1764,115096.57334528971
1765,132874.75576481727
1766,201006.62302660933
1767,225233.06806739944
1768,137996.40683488475
1769,164166.26882901523
1770,153658.72978295982
1771,116722.94576656696
1772,131658.40582993813
1773,121039.69541784246
1774,147462.36341829356
1775,142148.52916426884
1776,125116.84701712236
1777,110136.85977742249
1778,137451.33190921665
1779,142833.52618348124
1780,165442.47039684796
1781,122669.16918028361
1782,92166.48161805104
1783,151183.63963750142
1784,114580.10180078747
1785,122406.58845718703
1786,136151.7849335993
1787,150367.70322957492
1788,69053.2718898344
1789,94505.58568148842
1790,88016.41851218349
1791,187360.8455860619
1792,162012.8137172959
1793,132501.0321273718
1794,150982.99290099344
1795,134060.9969333585
1796,132198.93546117313
1797,118013.04200019651
1798,121263.21118725558
1799,106680.93592212888
1800,134610.26814252057
1801,125883.91001875237
1802,131865.31460909278
1803,149339.8764219457
1804,135433.2293302279
1805,130231.67273573788
1806,120868.53053849022
1807,123669.86866029605
1808,118393.37387575945
1809,122725.67506995256
1810,135893.15922493747
1811,117073.18972640112
1812,89327.62164603312
1813,134317.87549361962
1814,101337.22891427905
1815,63691.53116121484
1816,103864.71268098269
1817,105276.60802728488
1818,133269.4019933212
1819,136347.76435389603
1820,51069.505398973626
1821,110657.64926107679
1822,148234.41360079034
1823,39802.21076211644
1824,127014.1380479003
1825,133550.97885336253
1826,119403.46630208181
1827,103366.39426704035
1828,129358.78660107891
1829,106772.51065405988
1830,139617.28929892898
1831,140064.63535071554
1832,58425.94730916082
1833,138090.16653799327
1834,127238.33233109005
1835,116617.80917085512
1836,118785.01106307941
1837,86294.30171606931
1838,129184.37673241405
1839,115133.77767647317
1840,141279.5757981838
1841,129137.21614531548
1842,104768.92402664843
1843,137011.26361357883
1844,138087.94652445053
1845,131046.33806291579
1846,160009.49110253286
1847,183762.25781985503
1848,59453.00260750057
1849,96274.83669081551
1850,115293.24496689769
1851,141325.63923557318
1852,129398.99731612703
1853,124624.58288668434
1854,159930.3516179076
1855,157130.3872847258
1856,232054.81149257382
1857,125434.16224299333
1858,132240.9820019702
1859,118215.13535765921
1860,155955.98970029264
1861,117736.46368434747
1862,314550.4379418298
1863,297445.7248797968
1864,297474.219541875
1865,337530.47075186315
1866,319561.2659030313
1867,218054.65622214554
1868,279729.2972619307
1869,202882.62886862937
1870,216883.33094516437
1871,246062.55841035195
1872,172916.2800014739
1873,252486.86577544085
1874,151856.4368077147
1875,194804.19034970738
1876,202196.25029835096
1877,207171.63901289715
1878,198325.9609527124
1879,130553.93769443076
1880,123861.23027709528
1881,258244.72483772243
1882,232872.12542645563
1883,172946.99882605663
1884,196056.63597311833
1885,204901.85688966306
1886,271683.8979430638
1887,215419.8580793625
1888,268306.6103789608
1889,176826.35207585912
1890,109758.28103453835
1891,117313.77428004009
1892,99994.66461854822
1893,127999.63500407615
1894,126498.64745620426
1895,130033.55375553075
1896,126397.81480078213
1897,127050.78688096952
1898,117783.68956582724
1899,170690.36946778093
1900,160834.1471132835
1901,175588.20203899167
1902,159985.7421406021
1903,217366.07618394578
1904,142804.59703237884
1905,192655.48723320963
1906,116202.49702292423
1907,206369.34269275924
1908,111741.89205108704
1909,131839.73403705377
1910,118631.70357540147
1911,210972.75846073663
1912,344817.43509619514
1913,129445.25341400199
1914,51215.20683514583
1915,316031.61021470756
1916,63139.82645904689
1917,220499.46428318167
1918,143943.42391772542
1919,167836.69288550102
1920,149672.0354568081
1921,389484.1923510603
1922,319632.04955083656
1923,245419.73873660376
1924,258359.36336483713
1925,193553.37845959188
1926,370820.57678632246
1927,131206.6965486912
1928,161545.4035568248
1929,121929.21493684898
1930,134747.09109165217
1931,134350.4995448475
1932,130598.72228826833
1933,205203.1008711879
1934,187557.5509835616
1935,179443.96231074806
1936,197830.10931055888
1937,183051.95625291072
1938,161640.63431733975
1939,258734.59174089687
1940,191557.07472177612
1941,170044.2268845719
1942,159365.4626471976
1943,220641.48914670292
1944,375042.84935241897
1945,386969.16136081924
1946,118662.7736102709
1947,141084.3515586266
1948,173153.9347261899
1949,233831.64175910124
1950,180274.163361256
1951,225688.30437950147
1952,199964.9583800668
1953,165871.87533361738
1954,180454.8727593162
1955,137535.88398945946
1956,300173.78497651644
1957,145419.90884410994
1958,253048.13730030897
1959,142401.4979845555
1960,108764.46553617106
1961,124391.54200858714
1962,96852.26889464195
1963,107048.39541007104
1964,103105.78602515355
1965,148205.89231158982
1966,127816.63007032097
1967,301363.59563930734
1968,447421.4873267491
1969,365252.4402398692
1970,444328.18768675206
1971,513067.1053740856
1972,409168.9095899043
1973,259942.68250740398
1974,335421.1881086805
1975,554233.0631356051
1976,276730.66137442074
1977,361060.6363143618
1978,367381.34393311344
1979,310545.969169577
1980,208488.77123011448
1981,344546.70331815054
1982,218059.39112620722
1983,203981.33221501685
1984,168351.72035982987
1985,225906.52205995235
1986,210210.33987482713
1987,178072.462115369
1988,176748.6732720612
1989,190687.69123191954
1990,202985.563197536
1991,228606.43750430483
1992,213792.9329109769
1993,161634.79504240263
1994,206093.94652138551
1995,191384.35941464314
1996,256090.89279310306
1997,335025.3797649048
1998,317222.83537378634
1999,296967.5079091325
2000,304259.8109919672
2001,270959.9637247249
2002,230295.05671503957
2003,273159.59635518474
2004,283915.7759027078
2005,215623.49620017296
2006,218542.388250504
2007,238284.32634130737
2008,213649.07075451763
2009,198662.23545627354
2010,187097.6771783331
2011,130973.2368052675
2012,173395.99345200526
2013,174687.7938196023
2014,182017.84491335406
2015,205651.94154433592
2016,191673.99260117748
2017,188094.750224139
2018,115869.27912833131
2019,138686.1922549583
2020,95961.11878129534
2021,105969.83952990358
2022,196216.0195029751
2023,139388.10421307044
2024,258976.3548941559
2025,358650.21611841413
2026,170540.5639633511
2027,168225.46249942062
2028,151312.84298348136
2029,166394.89620007615
2030,257442.17641735717
2031,228248.76980832306
2032,247412.92769440127
2033,246917.79640833876
2034,157377.71458919984
2035,226017.50097951264
2036,205785.76529594706
2037,242393.1345705107
2038,351020.1978921561
2039,216446.3343199165
2040,299430.1073992995
2041,366410.4237046201
2042,197770.8725409763
2043,186289.45680433852
2044,171064.4576462498
2045,206557.66790413865
2046,166449.58729537632
2047,141721.54510246514
2048,137963.67758687655
2049,149457.79112171713
2050,160607.39605779387
2051,101603.55159822394
2052,119153.5646555411
2053,147012.67967608574
2054,106545.68845721916
2055,148528.13475126566
2056,139822.02491495214
2057,106980.40530415058
2058,211298.46724867396
2059,128155.16867364524
2060,176660.55305558332
2061,164551.2004186836
2062,127277.42107477656
2063,117223.80518258037
2064,139739.20151173102
2065,98755.84696852551
2066,158938.67759522272
2067,99021.37385531039
2068,154626.05814826395
2069,80191.74159492918
2070,114965.0925520827
2071,103538.05076856338
2072,150044.12071412438
2073,125567.36557966021
2074,191306.36280930464
2075,149569.92722028313
2076,113740.46121497771
2077,166166.3985125202
2078,133095.4388912805
2079,128073.7236061615
2080,123630.95776782314
2081,133908.35686141174
2082,123040.92461696321
2083,144102.58344786274
2084,112908.89777117327
2085,120997.07116830895
2086,102105.62573737797
2087,115182.00075364453
2088,91971.26611639171
2089,87250.99986648375
2090,124992.99114648193
2091,116596.20355294313
2092,115342.7308019325
2093,96362.12784152165
2094,108345.32002589958
2095,167931.59426453608
2096,89750.58134148971
2097,99424.70079468068
2098,151328.63260727597
2099,62398.3034680026
2100,61236.10168650899
2101,118442.62994055788
2102,119009.40882667783
2103,112066.27532945
2104,113515.2450471012
2105,125809.15098772393
2106,82478.50532509394
2107,176067.7532874606
2108,114523.39005632034
2109,107799.80338227256
2110,108698.70936787255
2111,130549.71507761534
2112,129404.16323563969
2113,123569.12027665491
2114,135513.75563614853
2115,158700.53877183513
2116,107933.82240465886
2117,145124.1921818236
2118,125536.21374107279
2119,119469.8672456214
2120,109633.861027196
2121,104656.3984219109
2122,118609.6781003511
2123,87042.68556539326
2124,146736.4303900719
2125,119313.85369183436
2126,151138.8393564539
2127,168148.03902225345
2128,117270.78133515455
2129,78520.04104620694
2130,135470.4321702311
2131,144413.3627053159
2132,101084.56623569399
2133,117299.47620504173
2134,123253.19427019094
2135,99264.10713220632
2136,79722.96848256628
2137,103418.64568220111
2138,125510.89080412775
2139,142858.68138915653
2140,134529.32625183824
2141,160136.64476036202
2142,127298.73522926982
2143,147956.20596049385
2144,135987.18118752912
2145,142798.03208692928
2146,163577.3208956216
2147,147616.52705564204
2148,121709.02910679269
2149,138530.42880308809
2150,229645.01967884187
2151,124820.79053723416
2152,157783.14900300882
2153,171967.32789295775
2154,96981.51975646998
2155,140276.29407763935
2156,237668.01769957595
2157,240405.47331779357
2158,230502.98245198786
2159,191673.78555264042
2160,190073.0062895698
2161,226975.30921880936
2162,438251.8480757322
2163,358599.11934471433
2164,250650.78527198188
2165,208612.513947155
2166,158004.81081469776
2167,219449.9688213038
2168,197303.6676352387
2169,188166.95638511257
2170,208813.91035525233
2171,154252.28875514824
2172,127672.95837269627
2173,170902.89060823948
2174,219185.12406449902
2175,308739.4667992972
2176,302379.7442577229
2177,233185.936969286
2178,204759.22087796472
2179,133959.2559847857
2180,210398.75806132614
2181,185693.80339310053
2182,220562.8854823214
2183,186438.87197459774
2184,116749.36516391941
2185,122864.52803563597
2186,160359.83934446744
2187,145988.24557342156
2188,148491.7476715366
2189,308798.56813720055
2190,74524.12766940118
2191,70542.96799662286
2192,81302.80717224315
2193,110080.59855793322
2194,113963.61326701284
2195,107646.76500694502
2196,107004.89232200054
2197,126690.26962471993
2198,162096.48362416468
2199,194005.11116284653
2200,146683.79844941912
2201,144412.43862009898
2202,215087.8093329942
2203,138448.7528036912
2204,182447.9169413565
2205,125233.08066220976
2206,138352.92039209753
2207,237410.97799914813
2208,257673.31163576766
2209,293396.09630006214
2210,122801.14075209791
2211,116871.51211899865
2212,128231.10904582839
2213,110815.0393646321
2214,119543.88838422368
2215,105342.6964149977
2216,142089.11046901916
2217,69799.77201459114
2218,68413.3856420012
2219,57304.86040675563
2220,61009.67627403787
2221,318747.7457546491
2222,293610.75273178576
2223,280473.1363627417
2224,204324.02769234809
2225,120493.98023287414
2226,179103.40970580766
2227,196751.99526956351
2228,264380.9532682765
2229,252365.2463478823
2230,144229.43388443204
2231,205618.9853214199
2232,185967.61494444922
2233,182268.51384627738
2234,240883.54625773328
2235,216680.13421028745
2236,253637.00908212902
2237,328742.60990838817
2238,201217.8865961265
2239,100303.80787213238
2240,148467.19405223388
2241,161703.56613991535
2242,112652.75865712944
2243,123226.24157282297
2244,92188.96752977508
2245,90391.38697922457
2246,135617.69208245634
2247,115824.96510284554
2248,124835.48724556086
2249,121283.40909313146
2250,126681.04103690703
2251,108586.09338189478
2252,181861.06640786334
2253,150603.47074097712
2254,164427.45160135353
2255,184757.2442047612
2256,163494.47264230548
2257,199711.23895576524
2258,156306.15772485675
2259,179074.63832133956
2260,137821.12537345607
2261,201291.84216550834
2262,210031.19651779882
2263,383656.3822050607
2264,628573.4616389782
2265,163561.4054713033
2266,306597.80005605466
2267,396314.74624222616
2268,548851.3468600346
2269,144939.0461576708
2270,194437.95554698305
2271,211133.26275189218
2272,174008.48576932712
2273,153966.64615495977
2274,179834.759859694
2275,165775.06211490466
2276,194192.1525570704
2277,184477.96030158273
2278,144733.34286808677
2279,138792.45781535114
2280,104694.14463898707
2281,160280.52920338075
2282,175485.22920353198
2283,107357.21906502341
2284,115789.90237434277
2285,134718.43369245503
2286,121390.9711281558
2287,355850.05819156126
2288,282730.3465852358
2289,381946.01571938634
2290,498591.76886527624
2291,323176.08002309245
2292,448832.31098742486
2293,499475.37547190697
2294,417399.1297834439
2295,548977.3075033835
2296,304621.74468399055
2297,336336.00296476996
2298,353721.8006924871
2299,370565.97684646834
2300,315945.4759378405
2301,311333.01235697314
2302,257094.18512242823
2303,243359.6059122705
2304,279011.3473268147
2305,193793.52893859035
2306,187223.06705804032
2307,196910.5645353303
2308,229778.00862119632
2309,274027.97551096044
2310,211715.63924290275
2311,203129.9125306555
2312,168072.1894944698
2313,164427.05876271962
2314,168986.87927442964
2315,182024.9267816954
2316,181686.03136238572
2317,190099.38114973428
2318,176957.1365410512
2319,184537.20611476264
2320,183602.57845754878
2321,234551.7249770614
2322,181742.92034511745
2323,189545.81896515057
2324,172633.62605071618
2325,211101.30526622184
2326,163715.36057129636
2327,196627.50273919443
2328,214302.37624626278
2329,194485.91811932172
2330,190119.98682523821
2331,366968.8836106348
2332,368608.4092914188
2333,312793.98553221533
2334,243942.21044787945
2335,280306.5407468986
2336,305212.36786484363
2337,195782.14305487397
2338,264598.5658961828
2339,210647.21480869787
2340,399778.2018767618
2341,218413.18730655024
2342,231659.4448906574
2343,238129.36950393175
2344,196295.7032416681
2345,252500.62398625005
2346,212789.7877698918
2347,198073.3388405672
2348,238153.67622510798
2349,179224.65189981487
2350,290468.3626856716
2351,251742.93783329008
2352,233278.07127539706
2353,236959.99226194207
2354,146758.95176846956
2355,146001.33560098498
2356,141282.6729428801
2357,187216.35651758753
2358,192784.81915304562
2359,139094.55806735184
2360,112007.63411134065
2361,150549.00124802318
2362,247353.45411650132
2363,120432.58173857724
2364,147916.56942119292
2365,207577.93509502153
2366,189383.21293356156
2367,207894.95544734568
2368,214986.03514795512
2369,203619.48642653585
2370,171790.0506053314
2371,160789.67920513096
2372,192958.284724939
2373,276222.36501139775
2374,326175.19247037906
2375,233623.72304053587
2376,331352.5208465253
2377,346513.7835183316
2378,150384.71512627773
2379,197348.608676093
2380,151028.7214152959
2381,172919.2370053487
2382,204801.83760138054
2383,192546.0023732541
2384,229096.97586878607
2385,158037.3209516666
2386,130279.84608824135
2387,125179.98639826324
2388,97431.93007360052
2389,114606.20804144682
2390,142202.09544295727
2391,146500.17597193315
2392,117238.13613367532
2393,174007.3681703682
2394,145201.06336563794
2395,198464.28423216383
2396,137088.90099337665
2397,218598.12832956002
2398,128922.22644490944
2399,66504.67954785477
2400,79430.33695964467
2401,140908.51492087392
2402,130527.92048683642
2403,150380.15443995717
2404,151597.52244253198
2405,154396.22400485052
2406,139622.94969276062
2407,123540.27266968595
2408,134362.99194330449
2409,113436.59188873225
2410,166646.16542394075
2411,114932.78914875438
2412,153294.43197241906
2413,123921.8224655237
2414,167680.57406969098
2415,135736.12951176823
2416,118329.84297493749
2417,135527.55626052423
2418,136122.63623804392
2419,126409.64546089557
2420,125429.18726313989
2421,149304.6274345028
2422,103233.5458506912
2423,104412.94238811394
2424,160076.23148254596
2425,188308.46711157312
2426,124877.53161293108
2427,119891.7343238234
2428,172906.86074754276
2429,112042.95428220788
2430,130713.0839205722
2431,112587.72624083828
2432,145895.2906378874
2433,143837.02975507666
2434,135780.4337105139
2435,145566.57847813788
2436,115208.28845307662
2437,103519.12470028708
2438,125714.64060031019
2439,94986.65692067471
2440,123309.36023924607
2441,84865.01901868037
2442,97266.31251226655
2443,125668.7069422697
2444,132809.26353501587
2445,89921.72308238306
2446,132162.7794668721
2447,164117.47923253063
2448,126059.10534913537
2449,111087.32114685274
2450,142433.6574200857
2451,116103.75849384612
2452,176078.2006070601
2453,92895.9594185968
2454,116388.13754106074
2455,102726.0701393896
2456,126638.15181046737
2457,141496.96963947298
2458,137883.73036741596
2459,110063.79426506432
2460,140081.1585357654
2461,131600.382345692
2462,131981.2217697866
2463,125285.05829539221
2464,167143.75641776837
2465,129647.7450262098
2466,118649.15226912235
2467,125621.61183407319
2468,95850.04813776564
2469,89949.6140401356
2470,181181.29288998482
2471,213317.37098036276
2472,140833.25886269787
2473,119144.87845896588
2474,68754.00027934242
2475,192106.76067794816
2476,114760.2161042766
2477,126618.33260471936
2478,152653.75696282915
2479,99714.14800374379
2480,147357.32824052864
2481,116152.46296163092
2482,116247.53475887586
2483,106651.85274327965
2484,114003.96691142103
2485,127999.73536248996
2486,145069.70940641753
2487,154147.25095071117
2488,168176.82695661232
2489,153009.50945599333
2490,151385.82734651503
2491,84981.61254937749
2492,203865.20475519542
2493,145198.48714434047
2494,133613.72133795047
2495,77258.99776135197
2496,243739.2641259842
2497,149186.90998834165
2498,118241.85289826097
2499,84963.7688300482
2500,134297.93877843054
2501,132360.6352940532
2502,139398.6819405737
2503,105672.9788715956
2504,210595.50595945277
2505,225743.29139693844
2506,244525.34369606592
2507,285875.7106172079
2508,242809.31737677666
2509,211484.23416328
2510,217032.95800401494
2511,168771.2182191195
2512,198381.37951156564
2513,216314.45784048035
2514,347361.7109399708
2515,156171.62075929012
2516,179282.5434791356
2517,152482.0899024789
2518,156731.77728237576
2519,233518.35007605536
2520,212190.2961786335
2521,180953.407042654
2522,219546.41720081432
2523,111400.82654735589
2524,136796.04046455858
2525,171391.0488977264
2526,148994.1206666515
2527,114880.62675808175
2528,137426.17893388437
2529,100578.75737852252
2530,131489.77337392222
2531,254953.78332596982
2532,217288.40507917228
2533,191993.4518753676
2534,230778.86420064542
2535,286641.95121344965
2536,239918.7741086783
2537,239922.25772489654
2538,185719.12454727388
2539,177931.71281542975
2540,176602.20617186496
2541,178814.45252007348
2542,157737.60984579893
2543,114765.22961610863
2544,110114.87092785127
2545,124785.3703359134
2546,119923.88802899494
2547,128548.02615293341
2548,146401.94196350418
2549,164145.939959958
2550,1442028.2811255408
2551,135855.77773271807
2552,128865.08711001794
2553,70541.4084911451
2554,89402.35969536033
2555,124419.71268595908
2556,98140.61591457955
2557,100456.71537439908
2558,126236.58168767403
2559,144954.3838599808
2560,157491.97592396257
2561,158397.9674021879
2562,145112.84227661282
2563,149568.0767910394
2564,210710.9721384889
2565,153625.01587407067
2566,168109.16383314476
2567,149092.012860939
2568,221056.78615096843
2569,232253.79215590056
2570,116209.49828850776
2571,202405.9447419637
2572,136015.17391331657
2573,236328.17758100832
2574,301951.65142286016
2575,135990.04627682033
2576,139722.12622379218
2577,138370.3491268495
2578,82069.08679662306
2579,59136.014662430636
2580,67918.17547247784
2581,90751.25658807442
2582,100058.63779827734
2583,289243.2629143926
2584,175101.16734039417
2585,181395.88696360722
2586,207909.354437613
2587,194440.27070194637
2588,145979.5237115926
2589,148010.45646306244
2590,202127.06583126393
2591,238430.30374937173
2592,206773.8850990182
2593,212755.04753046724
2594,176772.80264494475
2595,196874.42396411998
2596,280355.88518214517
2597,191974.942678216
2598,278001.590307116
2599,416068.78315557906
2600,156202.12839450222
2601,128393.04600563813
2602,82780.17652659207
2603,84028.24766352364
2604,90613.60208220893
2605,85536.79498120102
2606,137407.90265713
2607,221481.35071996323
2608,170108.87462388584
2609,172539.4815813178
2610,111453.12364437275
2611,191036.54354417717
2612,156758.7152011806
2613,123210.05683489995
2614,119687.3189206524
2615,144739.44034476942
2616,144214.7584098348
2617,189838.68767021206
2618,165012.3925751861
2619,197011.3143702951
2620,192235.5411263829
2621,168499.66571756525
2622,176269.2577495167
2623,227818.7187128466
2624,320013.4352029256
2625,330875.58418313775
2626,174226.79944372614
2627,167546.32396027623
2628,516225.6282060092
2629,495172.07539410575
2630,378675.433602438
2631,535431.5558738521
2632,421707.4021844363
2633,308810.01159161754
2634,451619.4437812698
2635,142105.04132139005
2636,168213.03580730327
2637,167130.36166004709
2638,235034.102485511
2639,162967.83859031455
2640,148763.92907547185
2641,104940.4174344564
2642,176061.89041242935
2643,106344.7644152449
2644,113999.6687991769
2645,111176.21738040887
2646,97152.19221065444
2647,106352.22479983389
2648,139526.7747988405
2649,146792.01204172347
2650,121698.16577647689
2651,141321.5086997934
2652,431720.06490826176
2653,249103.0924334269
2654,273170.8262944973
2655,435887.8155356632
2656,330429.74787755316
2657,383952.45926896395
2658,296166.24177452753
2659,287640.7278676991
2660,393810.97561162524
2661,348687.75711655273
2662,365449.3874810352
2663,326870.33094006334
2664,266332.03847859043
2665,328816.7057496505
2666,275214.7368956935
2667,173350.26773450035
2668,177438.89767948145
2669,176995.58254537982
2670,255511.55507635337
2671,187532.96188940568
2672,193592.83601826068
2673,196993.2177385069
2674,196575.5988210524
2675,176621.3835510927
2676,187398.18289889328
2677,198300.95172132112
2678,208936.02952829693
2679,276323.2891800974
2680,289531.4971241267
2681,393335.0721034618
2682,296907.5018602764
2683,580922.8169058313
2684,294458.27312956157
2685,313967.43243774597
2686,260859.0880203395
2687,306037.0310827189
2688,214249.0390876072
2689,201909.78161909938
2690,477774.6123570142
2691,188671.1864902183
2692,143759.49233792283
2693,201743.62196799603
2694,132018.76233504276
2695,192160.3301414137
2696,182818.88600465926
2697,186995.6984325403
2698,188375.02911317395
2699,165383.75488949585
2700,147491.5152585556
2701,144086.4280725471
2702,105975.18681322178
2703,126911.77365882229
2704,136668.46370595475
2705,109969.21567979107
2706,103105.01550188089
2707,107609.58858716195
2708,132861.08135941837
2709,100439.55882705864
2710,127143.75256355973
2711,292936.2366939312
2712,393053.9827651478
2713,167911.83552266491
2714,151548.67215666466
2715,170103.63963899013
2716,154425.68690860213
2717,203427.2455224875
2718,215426.87397290874
2719,166024.44289989906
2720,166194.73706155826
2721,130024.27254067095
2722,157455.45874230532
2723,128759.26286889869
2724,129931.59450043489
2725,123866.82700204049
2726,155082.12597868525
2727,185283.22594475694
2728,175645.57177758872
2729,149680.8847169691
2730,143173.81374468366
2731,128098.40125942358
2732,126912.657691168
2733,152919.50886298233
2734,129792.0824608775
2735,135803.6092876867
2736,142619.04394660774
2737,119146.07053578805
2738,135731.29147942492
2739,150587.93443448798
2740,133316.13034667878
2741,140400.53198796572
2742,159636.51376005576
2743,158480.6202416025
2744,163359.56771733897
2745,140688.9825694413
2746,137554.52207287285
2747,137830.57770697481
2748,131529.07364572532
2749,128809.61956131071
2750,124278.18998551459
2751,132652.5317578548
2752,161613.96862518738
2753,152013.12613940507
2754,206139.46953414826
2755,149360.6610964769
2756,99819.6457866384
2757,65520.07779047867
2758,101623.66829600798
2759,162353.94705471265
2760,119158.69666306258
2761,142311.98831873527
2762,137218.20905430632
2763,177513.31578270157
2764,132633.79075343293
2765,285773.58275762777
2766,111771.36737862286
2767,87580.66470204655
2768,122935.64944691482
2769,129078.69472230824
2770,131787.2724584517
2771,105361.28145752172
2772,106214.06566407777
2773,168341.67709058415
2774,143238.93488135253
2775,109885.8167736475
2776,136877.6467410105
2777,156947.03065642033
2778,105451.91400504761
2779,111593.50838896638
2780,91588.40585390072
2781,93334.94979681166
2782,105395.14339295894
2783,101977.26284796029
2784,125823.5334823293
2785,135848.86898711542
2786,68076.26455929254
2787,128118.16157683302
2788,79663.6008024456
2789,164406.68972002578
2790,95908.39612132924
2791,110447.49013470227
2792,53227.53848431563
2793,120899.0280146654
2794,104472.17253096693
2795,114246.8934383225
2796,95827.41978912432
2797,221932.67033960813
2798,97447.2659410356
2799,100455.21686653858
2800,69412.04006551082
2801,102208.79193624943
2802,121626.41702614221
2803,183096.57191883484
2804,126482.29019637272
2805,94910.23367166564
2806,86236.28842750903
2807,275888.9103384816
2808,143983.99245990746
2809,129870.17473359575
2810,124789.85952408395
2811,158858.5940426384
2812,174019.8722353439
2813,166088.6795087234
2814,169909.0568025583
2815,93558.60195828693
2816,226661.96549848097
2817,158468.54776641613
2818,133403.9405803385
2819,177256.65741761812
2820,137544.3208468484
2821,109928.27303555887
2822,169083.59460711386
2823,308341.62336655025
2824,176455.91893870317
2825,139188.52592886685
2826,131890.59980249687
2827,133326.8780996541
2828,205183.82668978834
2829,216421.3689274546
2830,248127.2070179937
2831,169310.59834166704
2832,243704.28167024406
2833,297284.8198039049
2834,220980.2818970188
2835,218857.72975038455
2836,188018.43016035206
2837,154071.38625891195
2838,150648.33350125304
2839,180444.10993405155
2840,204610.97085795648
2841,193374.1403881743
2842,228541.57572170213
2843,149682.25309008494
2844,167222.88045542472
2845,126330.52240717465
2846,200547.92005259692
2847,212732.8006014792
2848,205965.0406796369
2849,194845.75791977206
2850,249607.8155511832
2851,199798.71073117826
2852,229253.49465601085
2853,231124.26454351965
2854,134128.84390273003
2855,200843.6379414099
2856,196173.4972159673
2857,182578.0288686345
2858,200433.4337098048
2859,106226.11088622354
2860,138264.80445990825
2861,115825.41248312248
2862,184948.33314766397
2863,120067.33116117053
2864,256269.7704018827
2865,138287.76745731244
2866,136072.13315354448
2867,124775.73327538924
2868,91937.24316366651
2869,98181.3666014643
2870,110153.40339207838
2871,83047.40482196251
2872,63966.015162543226
2873,97490.980404023
2874,133034.74606948523
2875,120807.27653506733
2876,161963.45738120662
2877,148590.88356004926
2878,154504.8497490756
2879,138786.62188856033
2880,106636.7770220506
2881,154630.45218396312
2882,186269.53128012645
2883,207232.54933873587
2884,179507.8667163185
2885,178528.27748925562
2886,237855.1561856348
2887,93068.49764321448
2888,141427.91501740197
2889,62299.3945566898
2890,88174.03971985691
2891,137651.49370538563
2892,36084.56072262227
2893,60802.18143094155
2894,43168.34272716781
2895,343797.7558532183
2896,291233.1568016163
2897,205475.59292911063
2898,138689.03566417203
2899,197784.27432260188
2900,165451.4131034422
2901,205089.91730873275
2902,157524.02440635514
2903,326847.16591889487
2904,346381.51854893944
2905,73025.30653646975
2906,188944.3399435936
2907,108880.53185651616
2908,127621.58508375434
2909,139405.38018440467
2910,73798.63627070082
2911,83698.12279696061
2912,143172.56313658063
2913,82012.88028016729
2914,77116.05033762609
2915,83883.15025873158
2916,86542.72073476008
2917,175501.16847646455
2918,114899.56298737496
2919,211674.2127882468
